Sample Name,Weeks after planting ,Treatment,Plant type,Test Name,Sampling time point t0 (min),t1 (min),t2(min),Surface Area of pot (m2),volume of pot (L),BF,t0,t1,t2,t0 temp (C),t1 temp (C),t2 temp (C),t0 (umol/L),t1 (umol/L),t2 (umol/L),BF_Slope (umol/L/min),"Flux, Fm (umol/m2/min)",BF flux (umol/min/m2),"5. Cleaned flux values (below MDF, p > 0.2, slope not correct direction):","Flux, Fm (umol/m2/min).1","Flux, Fm (umol/m2/hour)","Flux, Fm (mmol/m2/hour)","Flux, Fm (mg C/m2/hour)","Flux, Fm (mg CO2/m2/h)","Flux, Fm (kg CO2/ha/day)",Unnamed: 29,1st Day,t0.1,t1.1,t2.1,t0 temp (C),t1 temp (C),t2 temp (C),t0 (umol/L),t1 (umol/L),t2 (umol/L),BF_Slope (umol/L/min),"Flux, Fm (umol/m2/min)",AF_1stday_flux (umol/min/m2),3rd day,t0.2,t1.2,t2.2,t0 temp (C),t1 temp (C),t2 temp (C),t0 (umol/L),t1 (umol/L),t2 (umol/L),BF_Slope (umol/L/min),"Flux, Fm (umol/m2/min)",AF_3rdday_flux (umol/min/m2),5th day,t0.3,t1.3,t2.3,t0 temp (C),t1 temp (C),t2 temp (C),t0 (umol/L),t1 (umol/L),t2 (umol/L),BF_Slope (umol/L/min),"Flux, Fm (umol/m2/min)",AF_5thday_flux (umol/min/m2),7th day ,t0.4,t1.4,t2.4,t0 temp (C),t1 temp (C),t2 temp (C),t0 (umol/L),t1 (umol/L),t2 (umol/L),BF_Slope (umol/L/min),"Flux, Fm (umol/m2/min)",AF_7thday_flux (umol/min/m2)
A1,13,U100,L,CH4,0,30,60,0.12444,5.01000,,2.08290,2.01190,1.83390,19.00000,20.12000,20.15000,0.08684,0.08356,0.07616,-0.00628,-0.25269,0,0,0,0,0,0,0,0,0,,2.2261,1.8294,1.9823,19.00000,20.12000,20.15000,0.09281,0.07598,0.08232,0.00000,0.00000,0,,2.3178,1.7026,1.8522,19.00000,20.12000,20.15000,0.09663,0.07071,0.07692,-0.01998,-0.80458,0,,1.9473,2.1366,2.0494,19.00000,20.12000,20.15000,0.00000,0.08088,0.08873,0.07481,3.01205,3.012048449,,1.701,1.7663,2.1306,19.00000,20.12000,20.15000,0.00000,0.07065,0.07335,0.06345,2.55450,2.554498432
A2,13,U100,L,CH4,0,30,60,0.12444,5.01000,,1.70940,1.81970,1.71870,19.00000,20.12000,20.15000,0.07127,0.07558,0.07137,0.00187,0.07532,0.075321019,,,0,0,0,,0,,,2.1047,1.7577,1.8166,19.00000,20.12000,20.15000,0.08775,0.07300,0.07544,-0.01187,-0.47788,0,,1.9171,1.9089,2.1946,19.00000,20.12000,20.15000,0.07993,0.07928,0.09114,0.00486,0.19561,0.195612634,,1.7482,2.0203,1.6802,19.00000,20.12000,20.15000,0.00000,0.07261,0.08390,0.06911,2.78227,2.782267491,,2.2238,2.0699,2.1419,19.00000,20.12000,20.15000,0.00000,0.09236,0.08596,0.07840,3.15650,3.156496827
A3,13,U100,L,CH4,0,30,60,0.12444,5.01000,,1.87120,2.17850,1.65950,19.00000,20.12000,20.15000,0.07801,0.09048,0.06892,0.00111,0.04454,0.044541476,,,-0.02,-0.00002,-0.00024,,-0.00002112,,,2.1297,2.2514,2.2622,19.00000,20.12000,20.15000,0.08879,0.09351,0.09395,0.00435,0.17527,0.175265904,,1.8394,1.8946,2.2709,19.00000,20.12000,20.15000,0.07669,0.07869,0.09431,0.00891,0.35875,0.358746283,,2.1802,1.8041,2.0702,19.00000,20.12000,20.15000,0.00000,0.09055,0.07492,0.07258,2.92224,2.922242084,,2.2221,1.7071,1.9385,19.00000,20.12000,20.15000,0.00000,0.09229,0.07089,0.07148,2.87763,2.877628944
A6,13,U200,L,CH4,0,30,60,0.12444,5.01000,,2.06110,1.79250,1.66410,19.00000,20.12000,20.15000,0.08593,0.07445,0.06911,-0.01256,-0.50555,0,,,-0.03,-0.00003,-0.00036,,-0.00003168,,,1.9583,1.8456,1.9456,19.00000,20.12000,20.15000,0.08165,0.07665,0.08080,-0.00250,-0.10061,0,,1.7509,1.9066,2.1608,19.00000,20.12000,20.15000,0.07300,0.07919,0.08973,0.01028,0.41378,0.413778964,,2.0013,2.1319,2.024,19.00000,20.12000,20.15000,0.00000,0.08312,0.08853,0.07567,3.04663,3.046631523,,1.7684,2.2248,1.8049,19.00000,20.12000,20.15000,0.00000,0.07345,0.09239,0.07335,2.95306,2.953062053
A7,13,U200,L,CH4,0,30,60,0.12444,5.01000,,1.67980,1.85690,2.22460,19.00000,20.12000,20.15000,0.07003,0.07712,0.09238,0.01323,0.53256,0.532561121,,,0.02,0.00002,0.00024,,0.00002112,,,1.8316,2.0967,1.7302,19.00000,20.12000,20.15000,0.07636,0.08708,0.07185,0.00247,0.09935,0.099348184,,1.7442,1.8767,1.8864,19.00000,20.12000,20.15000,0.07272,0.07794,0.07834,0.00478,0.19253,0.19253204,,2.2248,2.1631,2.1096,19.00000,20.12000,20.15000,0.00000,0.09240,0.08983,0.08019,3.22853,3.2285337,,1.8537,2.2394,1.6139,19.00000,20.12000,20.15000,0.00000,0.07699,0.09300,0.07512,3.02455,3.024546582
A8,13,U200,L,CH4,0,30,60,0.12444,5.01000,,2.18160,2.11850,2.02810,19.00000,20.12000,20.15000,0.09095,0.08799,0.08422,-0.00434,-0.17458,0,,,-0.01,-0.00001,-0.00012,,-0.00001056,,,1.7912,1.7887,2.0992,19.00000,20.12000,20.15000,0.07468,0.07429,0.08718,0.00556,0.22371,0.22370623,,2.2825,2.1509,2.2861,19.00000,20.12000,20.15000,0.09516,0.08933,0.09494,-0.00257,-0.10335,0,,2.1417,2.0526,1.7594,19.00000,20.12000,20.15000,0.00000,0.08895,0.08524,0.07663,3.08521,3.085208405,,1.9752,1.7538,1.7143,19.00000,20.12000,20.15000,0.00000,0.08204,0.07283,0.06803,2.73880,2.73880213
A11,13,M100,L,CH4,0,30,60,0.12444,5.01000,,1.74300,1.93080,1.59950,19.00000,20.12000,20.15000,0.07267,0.08019,0.06642,0.00032,0.01298,0.012980159,,,-0.01,-0.00001,-0.00012,,-0.00001056,,,2.1832,1.6444,1.775,19.00000,20.12000,20.15000,0.09102,0.06830,0.07371,-0.01753,-0.70586,0,,1.8005,2.027,1.9394,19.00000,20.12000,20.15000,0.07507,0.08419,0.08054,0.00636,0.25615,0.256145991,,2.171,2.041,1.6504,19.00000,20.12000,20.15000,0.00000,0.09017,0.08476,0.07693,3.09705,3.097046725,,2.2229,1.9859,1.9892,19.00000,20.12000,20.15000,0.00000,0.09232,0.08247,0.07679,3.09157,3.091571801
A12,13,M100,L,CH4,0,30,60,0.12444,5.01000,,1.97120,2.05500,1.59100,19.00000,20.12000,20.15000,0.08218,0.08535,0.06607,-0.00604,-0.24301,0,,,-0.02,-0.00002,-0.00024,,-0.00002112,,,2.1467,2.0556,1.9554,19.00000,20.12000,20.15000,0.08950,0.08537,0.08120,-0.00554,-0.22311,0,,2.0762,2.1031,2.0778,19.00000,20.12000,20.15000,0.08656,0.08735,0.08629,0.00021,0.00836,0.008361459,,2.0908,2.023,1.5962,19.00000,20.12000,20.15000,0.00000,0.08684,0.08401,0.07517,3.02657,3.026565941,,1.8206,2.1589,1.8232,19.00000,20.12000,20.15000,0.00000,0.07561,0.08966,0.07301,2.93953,2.939533552
A13,13,M100,L,CH4,0,30,60,0.12444,5.01000,,1.72470,1.60100,1.70420,19.00000,20.12000,20.15000,0.07191,0.06649,0.07077,-0.00281,-0.11302,0,,,-0.01,-0.00001,-0.00012,,-0.00001056,,,2.2262,2.0683,2.1142,19.00000,20.12000,20.15000,0.09281,0.08590,0.08780,-0.00522,-0.21010,0,,1.912,1.9168,1.6107,19.00000,20.12000,20.15000,0.07971,0.07961,0.06689,-0.00592,-0.23815,0,,1.8158,2.0211,1.4826,19.00000,20.12000,20.15000,0.00000,0.07541,0.08393,0.07031,2.83068,2.830675692,,2.072,1.738,2.0462,19.00000,20.12000,20.15000,0.00000,0.08606,0.07218,0.06943,2.79515,2.79515124
A16,13,M200,L,CH4,0,30,60,0.12444,5.01000,,1.70270,1.96880,1.87300,19.00000,20.12000,20.15000,0.07099,0.08177,0.07778,0.00767,0.30874,0.308736242,,,0,0,0,,0,,,2.0409,1.6601,2.2154,19.00000,20.12000,20.15000,0.08509,0.06895,0.09200,-0.00366,-0.14737,0,,1.8912,1.6822,1.775,19.00000,20.12000,20.15000,0.07885,0.06987,0.07371,-0.00615,-0.24753,0,,2.127,1.779,1.8888,19.00000,20.12000,20.15000,0.00000,0.08834,0.07388,0.07117,2.86542,2.865417463,,2.2053,2.143,1.8926,19.00000,20.12000,20.15000,0.00000,0.09159,0.08900,0.07947,3.19936,3.199363048
A17,13,M200,L,CH4,0,30,60,0.12444,5.01000,,2.15570,1.72630,1.55660,19.00000,20.12000,20.15000,0.08988,0.07170,0.06464,-0.01924,-0.77446,0,,,-0.03,-0.00003,-0.00036,,-0.00003168,,,1.9889,1.8605,2.1157,19.00000,20.12000,20.15000,0.08292,0.07727,0.08786,-0.00013,-0.00512,0,,2.2629,2.114,1.8773,19.00000,20.12000,20.15000,0.09434,0.08780,0.07796,-0.01027,-0.41335,0,,2.1143,1.8147,1.7217,19.00000,20.12000,20.15000,0.00000,0.08781,0.07536,0.07163,2.88376,2.883760744,,1.8313,2.1166,1.7833,19.00000,20.12000,20.15000,0.00000,0.07606,0.08790,0.07240,2.91472,2.914724936
A18,13,M200,L,CH4,0,30,60,0.12444,5.01000,,1.68220,1.93870,1.95910,19.00000,20.12000,20.15000,0.07013,0.08052,0.08136,0.00953,0.38365,0.383651389,,,0.01,0.00001,0.00012,,0.00001056,,,2.0006,2.0547,1.7242,19.00000,20.12000,20.15000,0.08341,0.08534,0.07160,-0.00459,-0.18474,0,,1.93,1.717,2.1762,19.00000,20.12000,20.15000,0.08047,0.07131,0.09037,0.00067,0.02678,0.026781749,,2.1635,2.0623,1.5306,19.00000,20.12000,20.15000,0.00000,0.08986,0.08564,0.07720,3.10805,3.108045698,,2.216,1.7999,1.7214,19.00000,20.12000,20.15000,0.00000,0.09204,0.07475,0.07313,2.94434,2.944339694
A21,13,C0,L,CH4,0,30,60,0.12444,5.01000,,1.99990,2.09180,2.08210,19.00000,20.12000,20.15000,0.08338,0.08688,0.08647,0.00289,0.11644,0.11644229,,,-0.01,-0.00001,-0.00012,,-0.00001056,,,1.9759,2.1895,2.0869,19.00000,20.12000,20.15000,0.08238,0.09094,0.08667,0.00558,0.22467,0.224668295,,1.8348,1.8834,1.7817,19.00000,20.12000,20.15000,0.07650,0.07822,0.07399,-0.00042,-0.01678,0,,1.6185,2.0997,1.9247,19.00000,20.12000,20.15000,0.00000,0.06722,0.08720,0.06834,2.75133,2.751332475,,2.179,2.1263,2.1554,19.00000,20.12000,20.15000,0.00000,0.09050,0.08830,0.07869,3.16799,3.167986682
A22,13,C0,L,CH4,0,30,60,0.12444,5.01000,,1.79320,1.83680,1.74310,19.00000,20.12000,20.15000,0.07476,0.07629,0.07239,-0.00044,-0.01778,0,,,0,0,0,,0,,,2.1474,2.2138,1.7128,19.00000,20.12000,20.15000,0.08953,0.09194,0.07113,-0.00740,-0.29796,0,,2.1798,1.7471,1.8925,19.00000,20.12000,20.15000,0.09088,0.07256,0.07859,-0.01337,-0.53829,0,,1.6812,1.9884,1.8601,19.00000,20.12000,20.15000,0.00000,0.06982,0.08257,0.06732,2.71048,2.710481391,,1.7702,1.7704,1.5031,19.00000,20.12000,20.15000,0.00000,0.07352,0.07352,0.06474,2.60656,2.606563525
A23,13,C0,L,CH4,0,30,60,0.12444,5.01000,,1.91270,2.00990,1.79630,19.00000,20.12000,20.15000,0.07974,0.08348,0.07460,-0.00078,-0.03131,0,,,-0.01,-0.00001,-0.00012,,-0.00001056,,,1.8416,2.0691,1.8452,19.00000,20.12000,20.15000,0.07678,0.08594,0.07663,0.00380,0.15307,0.153067097,,2.279,2.1256,1.7258,19.00000,20.12000,20.15000,0.09502,0.08828,0.07167,-0.01353,-0.54489,0,,2.0495,2.0045,1.9141,19.00000,20.12000,20.15000,0.00000,0.08512,0.08324,0.07410,2.98321,2.983206355,,2.1851,2.0781,1.8234,19.00000,20.12000,20.15000,0.00000,0.09075,0.08630,0.07788,3.13541,3.135410166
B1,13,U100,P,CH4,0,30,60,0.12444,5.01000,,1.80360,1.81470,1.63560,19.00000,20.12000,20.15000,0.07520,0.07537,0.06792,-0.00326,-0.13105,0,,,-0.01,-0.00001,-0.00012,,-0.00001056,,,1.8036,1.7749,1.7165,19.00000,20.12000,20.15000,0.07520,0.07372,0.07128,-0.00242,-0.09728,0,,2.3053,1.8124,2.2505,19.00000,20.12000,20.15000,0.09611,0.07527,0.09346,-0.01003,-0.40363,0,,1.6699,1.1851,2.057,19.00000,20.12000,20.15000,0.00000,0.06936,0.04922,0.05185,2.08769,2.087692968,,1.8297,2.2066,2.1987,19.00000,20.12000,20.15000,0.00000,0.07599,0.09164,0.07408,2.98247,2.982474411
B2,13,U100,P,CH4,0,30,60,0.12444,5.01000,,1.90320,1.65900,1.97650,19.00000,20.12000,20.15000,0.07935,0.06890,0.08208,-0.00317,-0.12745,0,,,0,0,0,,0,,,1.7365,1.8754,2.0144,19.00000,20.12000,20.15000,0.07240,0.07789,0.08365,0.00748,0.30096,0.300958015,,1.8414,1.8564,1.8362,19.00000,20.12000,20.15000,0.07677,0.07710,0.07625,-0.00010,-0.00391,0,,2.138,2.1239,1.7608,19.00000,20.12000,20.15000,0.00000,0.08880,0.08820,0.07792,3.13716,3.137161208,,1.7853,2.09,2.1608,19.00000,20.12000,20.15000,0.00000,0.07415,0.08679,0.07108,2.86184,2.861842994
B3,13,U100,P,CH4,0,30,60,0.12444,5.01000,,2.07550,1.82790,1.83460,19.00000,20.12000,20.15000,0.08653,0.07592,0.07619,-0.00922,-0.37131,0,,,-0.02,-0.00002,-0.00024,,-0.00002112,,,1.9802,2.2275,2.1601,19.00000,20.12000,20.15000,0.08256,0.09251,0.08971,0.00748,0.30120,0.301202978,,1.8568,1.8978,1.8236,19.00000,20.12000,20.15000,0.07741,0.07882,0.07573,-0.00018,-0.00705,0,,1.9265,2.1157,2.0694,19.00000,20.12000,20.15000,0.00000,0.08001,0.08786,0.07405,2.98135,2.981346371,,2.0945,1.8192,2.0618,19.00000,20.12000,20.15000,0.00000,0.08699,0.07555,0.07137,2.87321,2.873205382
B6,13,U200,P,CH4,0,30,60,0.12444,5.01000,,2.19110,1.68520,2.07190,19.00000,20.12000,20.15000,0.09135,0.06999,0.08604,-0.01146,-0.46146,0,,,-0.02,-0.00002,-0.00024,,-0.00002112,,,1.8386,1.9455,2.1528,19.00000,20.12000,20.15000,0.07665,0.08080,0.08940,0.00759,0.30553,0.305530285,,1.8298,2.0612,2.2445,19.00000,20.12000,20.15000,0.07629,0.08561,0.09321,0.01169,0.47052,0.470523999,,2.1754,2.1555,1.7511,19.00000,20.12000,20.15000,0.00000,0.09035,0.08951,0.07918,3.18779,3.18778931,,1.7511,2.2387,2.1943,19.00000,20.12000,20.15000,0.00000,0.07273,0.09297,0.07331,2.95147,2.951468502
B7,13,U200,P,CH4,0,30,60,0.12444,5.01000,,2.08130,1.90660,1.56930,19.00000,20.12000,20.15000,0.08677,0.07919,0.06517,-0.01310,-0.52729,0,,,-0.03,-0.00003,-0.00036,,-0.00003168,,,1.8581,2.2144,1.7382,19.00000,20.12000,20.15000,0.07747,0.09197,0.07218,0.00371,0.14952,0.149519782,,2.2152,2.1557,1.8231,19.00000,20.12000,20.15000,0.09236,0.08953,0.07571,-0.00881,-0.35484,0,,2.0213,1.4856,1.9784,19.00000,20.12000,20.15000,0.00000,0.08395,0.06169,0.06374,2.56613,2.566132087,,1.761,1.8613,1.8081,19.00000,20.12000,20.15000,0.00000,0.07314,0.07730,0.06631,2.66963,2.669628301
B8,13,U200,P,CH4,0,30,60,0.12444,5.01000,,1.85340,1.73550,1.90020,19.00000,20.12000,20.15000,0.07727,0.07208,0.07891,-0.00144,-0.05815,0,,,-0.01,-0.00001,-0.00012,,-0.00001056,,,1.9678,2.1008,2.1317,19.00000,20.12000,20.15000,0.08204,0.08725,0.08853,0.00517,0.20821,0.208213768,,1.868,1.8664,1.8186,19.00000,20.12000,20.15000,0.07788,0.07752,0.07552,-0.00123,-0.04963,0,,2.1733,1.6928,1.9608,19.00000,20.12000,20.15000,0.00000,0.09026,0.07030,0.07035,2.83218,2.832180991,,1.6831,2.2036,1.7535,19.00000,20.12000,20.15000,0.00000,0.06990,0.09151,0.07145,2.87653,2.876526269
B11,13,M100,P,CH4,0,30,60,0.12444,5.01000,,1.72680,2.13660,1.78820,19.00000,20.12000,20.15000,0.07199,0.08874,0.07426,0.00812,0.32685,0.326854318,,,0,0,0,,0,,,1.8988,2.1647,1.627,19.00000,20.12000,20.15000,0.07916,0.08991,0.06757,-0.00077,-0.03088,0,,1.7745,1.7988,1.772,19.00000,20.12000,20.15000,0.07398,0.07471,0.07359,0.00013,0.00511,0.005111938,,1.7229,2.0631,1.6532,19.00000,20.12000,20.15000,0.00000,0.07156,0.08568,0.06948,2.79714,2.797135988,,2.2464,2.1694,1.9833,19.00000,20.12000,20.15000,0.00000,0.09330,0.09009,0.08069,3.24863,3.248627423
B12,13,M100,P,CH4,0,30,60,0.12444,5.01000,,2.00940,1.66700,1.76550,19.00000,20.12000,20.15000,0.08378,0.06923,0.07332,-0.01094,-0.44026,0,,,-0.02,-0.00002,-0.00024,,-0.00002112,,,1.8529,2.0997,2.1027,19.00000,20.12000,20.15000,0.07725,0.08721,0.08732,0.00882,0.35508,0.355075394,,2.2622,2.3073,1.8311,19.00000,20.12000,20.15000,0.09432,0.09583,0.07604,-0.00772,-0.31100,0,,1.7239,2.1308,1.6229,19.00000,20.12000,20.15000,0.00000,0.07160,0.08849,0.07078,2.84966,2.849656651,,2.2523,1.8157,2.1352,19.00000,20.12000,20.15000,0.00000,0.09354,0.07540,0.07407,2.98210,2.982097656
B13,13,M100,P,CH4,0,30,60,0.12444,5.01000,,2.16950,1.75040,2.15300,19.00000,20.12000,20.15000,0.09045,0.07270,0.08941,-0.00798,-0.32137,0,,,0,0,0,,0,,,1.6763,1.6296,1.8699,19.00000,20.12000,20.15000,0.06989,0.06768,0.07765,0.00262,0.10556,0.105557567,,2.282,2.3105,2.2529,19.00000,20.12000,20.15000,0.09514,0.09596,0.09356,-0.00038,-0.01518,0,,1.6067,2.0922,2.0571,19.00000,20.12000,20.15000,0.00000,0.06673,0.08689,0.06799,2.73725,2.737249337,,1.4666,2.1491,2.0128,19.00000,20.12000,20.15000,0.00000,0.06091,0.08925,0.06661,2.68174,2.681740917
B16,13,M200,P,CH4,0,30,60,0.12444,5.01000,,1.80080,1.71940,1.98340,19.00000,20.12000,20.15000,0.07508,0.07141,0.08237,0.00179,0.07189,0.071891973,,,0.01,0.00001,0.00012,,0.00001056,,,2.1982,2.0905,1.7152,19.00000,20.12000,20.15000,0.09165,0.08682,0.07123,-0.01139,-0.45839,0,,2.3014,1.9762,2.2616,19.00000,20.12000,20.15000,0.09595,0.08208,0.09392,-0.00679,-0.27356,0,,2.1118,1.6555,1.952,19.00000,20.12000,20.15000,0.00000,0.08771,0.06875,0.06856,2.76015,2.760150769,,1.7924,1.7402,1.7346,19.00000,20.12000,20.15000,0.00000,0.07444,0.07227,0.06456,2.59915,2.599146507
B17,13,M200,P,CH4,0,30,60,0.12444,5.01000,,2.20220,1.72190,1.96010,19.00000,20.12000,20.15000,0.09181,0.07151,0.08140,-0.01335,-0.53748,0,,,-0.02,-0.00002,-0.00024,,-0.00002112,,,2.2251,1.8313,1.5256,19.00000,20.12000,20.15000,0.09277,0.07606,0.06336,-0.02053,-0.82652,0,,2.2846,2.0738,2.1972,19.00000,20.12000,20.15000,0.09525,0.08613,0.09125,-0.00569,-0.22901,0,,2.0895,1.9585,1.9906,19.00000,20.12000,20.15000,0.00000,0.08678,0.08133,0.07393,2.97628,2.976282258,,2.2064,1.7951,1.6711,19.00000,20.12000,20.15000,0.00000,0.09164,0.07455,0.07287,2.93388,2.933878467
B18,13,M200,P,CH4,0,30,60,0.12444,5.01000,,2.21690,2.14870,1.71260,19.00000,20.12000,20.15000,0.09243,0.08924,0.07112,-0.01110,-0.44687,0,,,-0.04,-0.00004,-0.00048,,-0.00004224,,,2.1258,1.8663,2.3056,19.00000,20.12000,20.15000,0.08863,0.07751,0.09575,-0.00144,-0.05803,0,,2.0307,2.2786,1.8365,19.00000,20.12000,20.15000,0.08466,0.09464,0.07627,0.00037,0.01502,0.015023908,,1.7618,2.0751,1.6193,19.00000,20.12000,20.15000,0.00000,0.07317,0.08618,0.07039,2.83382,2.833823957,,1.9997,1.7434,1.8578,19.00000,20.12000,20.15000,0.00000,0.08305,0.07240,0.06826,2.74817,2.748165066
B21,13,C0,P,CH4,0,30,60,0.12444,5.01000,,1.61970,1.65840,1.96370,19.00000,20.12000,20.15000,0.06753,0.06888,0.08155,0.00699,0.28137,0.281370115,,,0.01,0.00001,0.00012,,0.00001056,,,2.1467,1.7258,1.7665,19.00000,20.12000,20.15000,0.08950,0.07168,0.07336,-0.01492,-0.60086,0,,1.8049,2.0793,1.8304,19.00000,20.12000,20.15000,0.07525,0.08636,0.07601,0.00505,0.20320,0.203198311,,2.1035,1.5628,1.3295,19.00000,20.12000,20.15000,0.00000,0.08736,0.06490,0.06665,2.68334,2.683335172,,2.0572,1.9373,1.8423,19.00000,20.12000,20.15000,0.00000,0.08544,0.08045,0.07296,2.93722,2.937219614
B22,13,C0,P,CH4,0,30,60,0.12444,5.01000,,1.81050,1.92910,1.84060,19.00000,20.12000,20.15000,0.07548,0.08012,0.07644,0.00240,0.09653,0.096529944,,,-0.01,-0.00001,-0.00012,,-0.00001056,,,2.07,2.0685,2.0754,19.00000,20.12000,20.15000,0.08630,0.08591,0.08619,-0.00022,-0.00877,0,,2.1444,2.0352,1.6631,19.00000,20.12000,20.15000,0.08940,0.08453,0.06907,-0.01137,-0.45784,0,,2.0184,1.5532,1.6273,19.00000,20.12000,20.15000,0.00000,0.08383,0.06450,0.06497,2.61582,2.615818758,,1.8269,1.8932,1.8412,19.00000,20.12000,20.15000,0.00000,0.07588,0.07862,0.06807,2.74064,2.740636656
B23,13,C0,P,CH4,0,30,60,0.12444,5.01000,,1.69690,2.01480,1.85330,19.00000,20.12000,20.15000,0.07075,0.08368,0.07696,0.00831,0.33476,0.334755879,,,0,0,0,,0,,,1.6909,2.0969,1.7749,19.00000,20.12000,20.15000,0.07050,0.08709,0.07371,0.00849,0.34167,0.341669746,,1.6416,1.733,1.9992,19.00000,20.12000,20.15000,0.06844,0.07198,0.08302,0.00817,0.32891,0.328914449,,1.9985,1.6923,1.7458,19.00000,20.12000,20.15000,0.00000,0.08300,0.07028,0.06727,2.70821,2.708207665,,1.8627,2.263,2.3801,19.00000,20.12000,20.15000,0.00000,0.07736,0.09398,0.07573,3.04897,3.048972006
A1,13,U100,L,CO2,0,30,60,0.12444,5.01000,,1004.22180,2586.51570,1361.42940,19.00000,20.12000,20.15000,41.86784,107.42474,56.53793,34.43546,1386.38412,1386.384122,,,14.71,0.01471,0.17652,,0.01553376,,,715.4536,1089.7502,1.8166,19.00000,20.12000,20.15000,29.82857,45.26017,0.07544,-7.09452,-285.62792,0,,598.6988,620.0469,1446.6919,19.00000,20.12000,20.15000,24.96085,25.75216,60.07874,16.40998,660.67186,660.6718585,,554.1321,1470.8775,2543.2715,19.00000,20.12000,20.15000,0.00000,23.01455,61.08313,37.69259,1517.51742,1517.517425,,569.6004,1214.0926,2699.085,19.00000,20.12000,20.15000,0.00000,23.65699,50.41927,33.08281,1331.92598,1331.925984
A2,13,U100,L,CO2,0,30,60,0.12444,5.01000,,768.50750,1533.12910,3913.80650,19.00000,20.12000,20.15000,32.04048,63.67485,162.53397,73.11031,2943.44803,2943.448033,,,153.78,0.15378,1.84536,,0.16239168,,,742.6002,992.5824,1816.126,19.00000,20.12000,20.15000,30.96036,41.22454,75.42073,24.69206,994.11137,994.111367,,538.4859,881.5313,1696.7182,19.00000,20.12000,20.15000,22.45046,36.61229,70.46192,27.96568,1125.90839,1125.908393,,547.8363,1671.0058,2418.7922,19.00000,20.12000,20.15000,0.00000,22.75307,69.39413,41.38642,1666.23254,1666.232543,,644.2401,1295.5864,2263.2682,19.00000,20.12000,20.15000,0.00000,26.75697,53.80358,35.94279,1447.06986,1447.069855
A3,13,U100,L,CO2,0,30,60,0.12444,5.01000,,1136.21640,2646.11190,3706.70470,19.00000,20.12000,20.15000,47.37094,109.89993,153.93337,75.21928,3028.35578,3028.355783,,,124.16,0.12416,1.48992,,0.13111296,,,645.3525,858.1996,1929.1681,19.00000,20.12000,20.15000,26.90593,35.64327,80.11519,28.05130,1129.35544,1129.35544,,511.6303,619.6399,1649.4799,19.00000,20.12000,20.15000,21.33080,25.73526,68.50019,23.45440,944.28257,944.2825685,,619.995,1504.5597,2787.3829,19.00000,20.12000,20.15000,0.00000,25.75001,62.48190,39.48954,1589.86354,1589.86354,,659.3477,1003.7109,2048.5005,19.00000,20.12000,20.15000,0.00000,27.38443,41.68247,30.65961,1234.36709,1234.367091
A6,13,U200,L,CO2,0,30,60,0.12444,5.01000,,605.51310,1147.50680,1182.34390,19.00000,20.12000,20.15000,25.24495,47.65895,49.10080,20.39769,821.21854,821.2185369,,,26.81,0.02681,0.32172,,0.02831136,,,576.29,800.2406,1262.4616,19.00000,20.12000,20.15000,24.02658,33.23608,52.42796,16.89502,680.19954,680.1995352,,506.5207,683.4404,1096.9034,19.00000,20.12000,20.15000,21.11777,28.38506,45.55260,14.25806,574.03487,574.0348681,,508.6838,1015.3447,1598.405,19.00000,20.12000,20.15000,0.00000,21.12696,42.16560,28.23485,1136.74546,1136.745463,,480.8428,892.8187,1179.5654,19.00000,20.12000,20.15000,0.00000,19.97066,37.07730,25.41672,1023.28651,1023.286514
A7,13,U200,L,CO2,0,30,60,0.12444,5.01000,,610.08820,1033.71320,1561.98050,19.00000,20.12000,20.15000,25.43569,42.93281,64.86649,25.44813,1024.55105,1024.551054,,,45.41,0.04541,0.54492,,0.04795296,,,487.8626,836.1575,1008.07,19.00000,20.12000,20.15000,20.33988,34.72780,41.86349,15.93634,641.60276,641.6027622,,501.5335,641.887,817.7159,19.00000,20.12000,20.15000,20.90985,26.65924,33.95840,8.40411,338.35275,338.3527491,,524.0757,895.1265,1268.9535,19.00000,20.12000,20.15000,0.00000,21.76623,37.17314,26.21984,1055.62017,1055.620174,,472.9855,771.8449,794.8644,19.00000,20.12000,20.15000,0.00000,19.64432,32.05345,22.97905,925.14481,925.1448102
A8,13,U200,L,CO2,0,30,60,0.12444,5.01000,,805.22190,1898.09420,3126.88480,19.00000,20.12000,20.15000,33.57117,78.83280,129.85440,63.21258,2544.96147,2544.961474,,,112.8,0.1128,1.3536,,0.1191168,,,503.9441,910.721,1672.8073,19.00000,20.12000,20.15000,21.01035,37.82462,69.46894,29.29191,1179.30309,1179.303094,,566.0386,840.9274,1152.303,19.00000,20.12000,20.15000,23.59918,34.92591,47.85325,15.89182,639.81044,639.8104379,,547.9731,1038.9462,1398.954,19.00000,20.12000,20.15000,0.00000,22.75875,43.14573,29.37350,1182.58779,1182.587793,,557.7989,624.7015,1041.3562,19.00000,20.12000,20.15000,0.00000,23.16684,25.94283,21.67135,872.49635,872.4963494
A11,13,M100,L,CO2,0,30,60,0.12444,5.01000,,726.89130,2256.72760,3681.73780,19.00000,20.12000,20.15000,30.30543,93.72778,152.89653,82.93423,3338.96268,3338.962676,,,144.46,0.14446,1.73352,,0.15254976,,,755.5102,1186.1753,1979.5484,19.00000,20.12000,20.15000,31.49860,49.26495,82.20740,30.72453,1236.98098,1236.980977,,469.3463,805.464,1126.4178,19.00000,20.12000,20.15000,19.56791,33.45302,46.77828,18.32688,737.84674,737.8467448,,561.2909,1318.3588,774.1796,19.00000,20.12000,20.15000,0.00000,23.31187,54.74928,34.91896,1405.85009,1405.850087,,669.1236,1346.865,2149.3936,19.00000,20.12000,20.15000,0.00000,27.79045,55.93309,37.35458,1503.90914,1503.909137
A12,13,M100,L,CO2,0,30,60,0.12444,5.01000,,869.38460,2139.55080,2996.04280,19.00000,20.12000,20.15000,36.24623,88.86112,124.42074,62.61004,2520.70300,2520.703003,,,102.93,0.10293,1.23516,,0.10869408,,,621.7168,1136.2149,1911.2743,19.00000,20.12000,20.15000,25.92051,47.18997,79.37209,33.46131,1347.16466,1347.164658,,555.9245,888.207,1365.3187,19.00000,20.12000,20.15000,23.17751,36.88955,56.69945,21.14284,851.21849,851.218492,,586.1325,1342.1211,1471.784,19.00000,20.12000,20.15000,0.00000,24.34361,55.73609,35.80694,1441.60038,1441.600376,,665.4926,1449.301,2284.8002,19.00000,20.12000,20.15000,0.00000,27.63964,60.18709,39.23810,1579.74040,1579.740401
A13,13,M100,L,CO2,0,30,60,0.12444,5.01000,,780.97820,2357.38210,2433.36970,19.00000,20.12000,20.15000,32.56041,97.90823,101.05385,58.98494,2374.75537,2374.755371,,,79.66,0.07966,0.95592,,0.08412096,,,704.7408,1145.1921,1782.4531,19.00000,20.12000,20.15000,29.38193,47.56281,74.02235,28.12199,1132.20149,1132.201487,,531.3763,756.1007,1132.6365,19.00000,20.12000,20.15000,22.15405,31.40283,47.03654,15.30084,616.01747,616.01747,,494.0478,1751.5912,2312.7585,19.00000,20.12000,20.15000,0.00000,20.51909,72.74071,41.97372,1689.87726,1689.877258,,714.7425,1444.052,3149.3751,19.00000,20.12000,20.15000,0.00000,29.68512,59.96911,40.00323,1610.54479,1610.54479
A16,13,M200,L,CO2,0,30,60,0.12444,5.01000,,829.73920,2566.67180,3945.02860,19.00000,20.12000,20.15000,34.59335,106.60057,163.83057,89.60656,3607.59312,3607.593119,,,152.11,0.15211,1.82532,,0.16062816,,,600.4892,940.0826,1607.8478,19.00000,20.12000,20.15000,25.03549,39.04408,66.77128,25.02816,1007.64292,1007.642922,,516.4545,741.7316,1313.2167,19.00000,20.12000,20.15000,21.53193,30.80605,54.53574,19.02912,766.11945,766.119455,,631.9136,1680.7002,2869.2553,19.00000,20.12000,20.15000,0.00000,26.24502,69.79672,43.04725,1733.09811,1733.098115,,689.7157,1271.2855,2144.7376,19.00000,20.12000,20.15000,0.00000,28.64569,52.79440,36.27946,1460.62445,1460.624452
A17,13,M200,L,CO2,0,30,60,0.12444,5.01000,,1260.03660,2315.95770,4295.66790,19.00000,20.12000,20.15000,52.53323,96.18776,178.39204,76.07139,3062.66218,3062.662178,,,146.86,0.14686,1.76232,,0.15508416,,,630.4939,749.312,1936.0442,19.00000,20.12000,20.15000,26.28644,31.12088,80.40074,26.81527,1079.59265,1079.59265,,616.1793,1203.8907,1704.2754,19.00000,20.12000,20.15000,25.68964,50.00072,70.77576,30.91811,1244.77433,1244.774328,,678.5982,1678.7222,3151.9511,19.00000,20.12000,20.15000,0.00000,28.18395,69.71458,43.82951,1764.59217,1764.592166,,648.2794,1945.4857,2501.3769,19.00000,20.12000,20.15000,0.00000,26.92473,80.79283,48.36818,1947.32074,1947.320741
A18,13,M200,L,CO2,0,30,60,0.12444,5.01000,,638.76940,2157.07370,3270.96390,19.00000,20.12000,20.15000,26.63146,89.58890,135.83777,76.61069,3084.37444,3084.374443,,,128.71,0.12871,1.54452,,0.13591776,,,628.3436,1231.3845,1759.9617,19.00000,20.12000,20.15000,26.19679,51.14261,73.08832,32.01293,1288.85248,1288.85248,,549.3255,850.838,1891.902,19.00000,20.12000,20.15000,22.90239,35.33752,78.56759,30.73909,1237.56719,1237.567195,,616.8389,1220.3861,2003.3474,19.00000,20.12000,20.15000,0.00000,25.61893,50.68063,34.03203,1370.14219,1370.142187,,706.3317,1312.5048,1782.9104,19.00000,20.12000,20.15000,0.00000,29.33580,54.50617,37.35484,1503.91948,1503.919477
A21,13,C0,L,CO2,0,30,60,0.12444,5.01000,,732.58380,1736.03960,2660.51640,19.00000,20.12000,20.15000,30.54276,72.10225,110.48688,54.16786,2180.81796,2180.817963,,,93.48,0.09348,1.12176,,0.09871488,,,740.3394,1188.4117,1691.2647,19.00000,20.12000,20.15000,30.86610,49.35784,70.23545,25.84057,1040.35075,1040.350745,,499.653,720.5884,1073.038,19.00000,20.12000,20.15000,20.83145,29.92792,44.56151,14.70891,592.18600,592.1860035,,520.2172,1272.7612,1809.0849,19.00000,20.12000,20.15000,0.00000,21.60598,52.85569,33.33083,1341.91159,1341.911586,,657.3451,1214.7183,2123.6669,19.00000,20.12000,20.15000,0.00000,27.30126,50.44526,34.63565,1394.44390,1394.443902
A22,13,C0,L,CO2,0,30,60,0.12444,5.01000,,934.20460,1601.68450,3893.48660,19.00000,20.12000,20.15000,38.94870,66.52213,161.69011,67.84464,2731.45008,2731.450076,,,144.06,0.14406,1.72872,,0.15212736,,,775.3952,1525.8291,1702.9578,19.00000,20.12000,20.15000,32.32764,63.37166,70.72104,30.70145,1236.05152,1236.051524,,658.2961,741.7717,1871.5505,19.00000,20.12000,20.15000,27.44557,30.80771,77.72242,24.43612,983.80707,983.8070715,,546.4293,2005.8054,3445.3064,19.00000,20.12000,20.15000,0.00000,22.69463,83.29781,47.72619,1921.47378,1921.473782,,553.9941,1363.515,1967.376,19.00000,20.12000,20.15000,0.00000,23.00882,56.62454,35.64923,1435.25087,1435.250871
A23,13,C0,L,CO2,0,30,60,0.12444,5.01000,,883.27570,2459.98230,4087.72980,19.00000,20.12000,20.15000,36.82538,102.16948,169.75671,88.48012,3562.24192,3562.24192,,,156.38,0.15638,1.87656,,0.16513728,,,646.7043,1148.9657,1913.4116,19.00000,20.12000,20.15000,26.96229,47.71954,79.46085,32.80848,1320.88160,1320.881602,,600.4885,989.2199,810.6088,19.00000,20.12000,20.15000,25.03546,41.08488,33.66325,10.73577,432.22588,432.2258795,,604.4601,1334.4801,2365.5168,19.00000,20.12000,20.15000,0.00000,25.10480,55.41877,35.98355,1448.71075,1448.710755,,719.4159,1527.0332,2373.2053,19.00000,20.12000,20.15000,0.00000,29.87922,63.41518,41.66276,1677.35803,1677.358033
B1,13,U100,P,CO2,0,30,60,0.12444,5.01000,,911.23820,2356.55160,3821.35640,19.00000,20.12000,20.15000,37.99119,97.87373,158.69466,80.57339,3243.91410,3243.914097,,,141.69,0.14169,1.70028,,0.14962464,,,911.2382,1691.175,1265.6271,19.00000,20.12000,20.15000,37.99119,70.23891,52.55942,20.30434,817.46016,817.460163,,667.0694,950.0768,1903.4753,19.00000,20.12000,20.15000,27.81134,39.45917,79.04821,28.37909,1142.55270,1142.552701,,523.62,922.9412,2462.7866,19.00000,20.12000,20.15000,0.00000,21.74730,38.32823,26.74058,1076.58572,1076.585722,,596.1819,1357.1847,2364.9852,19.00000,20.12000,20.15000,0.00000,24.76099,56.36165,36.26978,1460.23451,1460.234507
B2,13,U100,P,CO2,0,30,60,0.12444,5.01000,,1201.48210,2236.12100,6039.40360,19.00000,20.12000,20.15000,50.09199,92.87194,250.80653,109.96714,4427.31750,4427.317496,,,236.48,0.23648,2.83776,,0.24972288,,,578.633,1026.7873,2351.6854,19.00000,20.12000,20.15000,24.12427,42.64515,97.66164,41.49347,1670.54223,1670.542226,,524.1049,832.6255,885.572,19.00000,20.12000,20.15000,21.85089,34.58111,36.77635,12.21506,491.78276,491.7827583,,605.3973,1193.2437,1670.9607,19.00000,20.12000,20.15000,0.00000,25.14373,49.55345,33.31513,1341.27931,1341.279308,,572.9328,1116.5968,1760.5079,19.00000,20.12000,20.15000,0.00000,23.79539,46.37043,31.28796,1259.66454,1259.664539
B3,13,U100,P,CO2,0,30,60,0.12444,5.01000,,1298.04020,2846.73010,5810.65550,19.00000,20.12000,20.15000,54.11767,118.23213,241.30699,112.79702,4541.24933,4541.249329,,,220.05,0.22005,2.6406,,0.2323728,,,692.9482,1574.5708,1398.6815,19.00000,20.12000,20.15000,28.89028,65.39603,58.08495,28.80013,1159.50391,1159.503909,,537.5905,1076.876,1760.1238,19.00000,20.12000,20.15000,22.41313,44.72547,73.09505,32.63446,1313.87542,1313.875416,,640.1664,1515.5199,2478.4209,19.00000,20.12000,20.15000,0.00000,26.58778,62.93706,40.05214,1612.51383,1612.513831,,724.8293,1078.6236,2204.0694,19.00000,20.12000,20.15000,0.00000,30.10405,44.79347,33.23365,1337.99903,1337.999027
B6,13,U200,P,CO2,0,30,60,0.12444,5.01000,,1181.54240,2581.68340,5938.96970,19.00000,20.12000,20.15000,49.26066,107.22404,246.63567,114.85864,4624.25080,4624.250795,,,232.55,0.23255,2.7906,,0.2455728,,,613.7395,1200.3806,1269.0854,19.00000,20.12000,20.15000,25.58792,49.85494,52.70304,22.67316,912.82984,912.8298378,,501.6125,857.7988,1451.94,19.00000,20.12000,20.15000,20.91314,35.62662,60.29669,24.24947,976.29239,976.2923911,,606.7437,1083.7548,1641.753,19.00000,20.12000,20.15000,0.00000,25.19965,45.00656,31.25741,1258.43486,1258.434862,,496.754,1023.7407,1580.0642,19.00000,20.12000,20.15000,0.00000,20.63149,42.51427,28.18495,1134.73642,1134.736421
B7,13,U200,P,CO2,0,30,60,0.12444,5.01000,,1530.90760,3818.07880,1133.75330,19.00000,20.12000,20.15000,63.82634,158.57477,47.08292,32.39916,1304.40200,1304.401998,,,-24.3,-0.0243,-0.2916,,-0.0256608,,,661.9163,1121.1993,906.6693,19.00000,20.12000,20.15000,27.59650,46.56633,37.65249,12.62440,508.26299,508.2629899,,658.5671,1132.3092,1271.7206,19.00000,20.12000,20.15000,27.45687,47.02775,52.81247,19.88202,800.45753,800.4575348,,636.6302,401.5738,2402.3045,19.00000,20.12000,20.15000,0.00000,26.44091,16.67670,18.81414,757.46436,757.4643605,,534.2749,1048.2169,1737.1154,19.00000,20.12000,20.15000,0.00000,22.18983,43.53073,29.30917,1179.99786,1179.997864
B8,13,U200,P,CO2,0,30,60,0.12444,5.01000,,1083.58220,1888.34690,5102.33460,19.00000,20.12000,20.15000,45.17652,78.42797,211.89159,90.37468,3638.51777,3638.517773,,,196.19,0.19619,2.35428,,0.20717664,,,672.92,2174.2991,951.6465,19.00000,20.12000,20.15000,28.05527,90.30431,39.52032,31.56964,1271.00535,1271.005347,,565.1474,933.0627,691.4748,19.00000,20.12000,20.15000,23.56203,38.75253,28.71581,8.78234,353.58013,353.5801323,,581.0633,1139.9755,1898.1738,19.00000,20.12000,20.15000,0.00000,24.13307,47.34131,31.87516,1283.30582,1283.305821,,521.4337,1060.0806,1142.0785,19.00000,20.12000,20.15000,0.00000,21.65650,44.02341,29.30918,1179.99840,1179.9984
B11,13,M100,P,CO2,0,30,60,0.12444,5.01000,,640.04910,1412.45260,1970.06980,19.00000,20.12000,20.15000,26.68482,58.66284,81.81377,38.75716,1560.37743,1560.377434,,,64.08,0.06408,0.76896,,0.06766848,,,663.6447,2409.9323,1480.8848,19.00000,20.12000,20.15000,27.66856,100.09077,61.49872,46.10901,1856.36546,1856.365459,,540.4521,816.8566,437.8347,19.00000,20.12000,20.15000,22.53244,33.92619,18.18256,2.82657,113.79867,113.798671,,541.384,1307.0347,2420.7949,19.00000,20.12000,20.15000,0.00000,22.48509,54.27901,34.35409,1383.10830,1383.108301,,780.979,1650.3603,2762.5139,19.00000,20.12000,20.15000,0.00000,32.43609,68.53676,45.08834,1815.27298,1815.272983
B12,13,M100,P,CO2,0,30,60,0.12444,5.01000,,643.20860,1038.17210,1128.56380,19.00000,20.12000,20.15000,26.81654,43.11799,46.86740,16.07130,647.03644,647.0364356,,,22.16,0.02216,0.26592,,0.02340096,,,556.0448,2032.6734,1950.9794,19.00000,20.12000,20.15000,23.18252,84.42223,81.02097,52.37049,2108.45508,2108.45508,,631.1159,998.7398,907.3649,19.00000,20.12000,20.15000,26.31238,41.48027,37.68138,11.61782,467.73778,467.7377806,,507.0475,1327.5804,1288.7779,19.00000,20.12000,20.15000,0.00000,21.05901,55.13224,34.14165,1374.55549,1374.555488,,723.9493,1214.9866,2210.9226,19.00000,20.12000,20.15000,0.00000,30.06750,50.45640,35.81043,1441.74110,1441.741101
B13,13,M100,P,CO2,0,30,60,0.12444,5.01000,,1001.24960,1048.93460,2447.90010,19.00000,20.12000,20.15000,41.74393,43.56499,101.65728,28.19564,1135.16662,1135.16662,,,68.78,0.06878,0.82536,,0.07263168,,,605.1065,2020.8847,512.773,19.00000,20.12000,20.15000,25.22800,83.93261,21.29462,23.02221,926.88253,926.8825297,,663.3297,1062.6444,1634.3369,19.00000,20.12000,20.15000,27.65543,44.13439,67.87133,25.37700,1021.68741,1021.687407,,568.8627,1619.0092,2539.4631,19.00000,20.12000,20.15000,0.00000,23.62635,67.23480,40.76724,1641.30390,1641.303898,,604.897,1642.7164,2802.0186,19.00000,20.12000,20.15000,0.00000,25.12295,68.21932,41.85073,1684.92571,1684.925708
B16,13,M200,P,CO2,0,30,60,0.12444,5.01000,,600.08570,966.94080,2352.89560,19.00000,20.12000,20.15000,25.01867,40.15957,97.71190,39.67786,1597.44521,1597.445207,,,85.19,0.08519,1.02228,,0.08996064,,,721.9547,1741.5349,973.4874,19.00000,20.12000,20.15000,30.09961,72.33049,40.42734,22.58452,909.26090,909.2608996,,796.9248,1155.6449,2057.9702,19.00000,20.12000,20.15000,33.22525,47.99695,85.46413,30.15867,1214.19908,1214.199083,,683.2914,1444.1242,2839.2728,19.00000,20.12000,20.15000,0.00000,28.37887,59.97211,39.45227,1588.36285,1588.362851,,665.0621,1587.2071,1859.4324,19.00000,20.12000,20.15000,0.00000,27.62176,65.91411,41.85211,1684.98129,1684.981288
B17,13,M200,P,CO2,0,30,60,0.12444,5.01000,,667.14320,1147.08420,2228.79400,19.00000,20.12000,20.15000,27.81442,47.64140,92.55816,38.02041,1530.71572,1530.715718,,,75.5,0.0755,0.906,,0.079728,,,902.004,1816.1205,2180.8178,19.00000,20.12000,20.15000,37.60620,75.42822,90.56579,40.23521,1619.88426,1619.884261,,640.3281,1100.2432,1872.9132,19.00000,20.12000,20.15000,26.69645,45.69597,77.77901,31.41706,1264.86241,1264.862413,,690.7349,1753.9077,3136.4977,19.00000,20.12000,20.15000,0.00000,28.68802,72.83691,45.47191,1830.71589,1830.715889,,806.744,1234.893,1602.0454,19.00000,20.12000,20.15000,0.00000,33.50618,51.28308,37.64286,1515.51549,1515.515491
B18,13,M200,P,CO2,0,30,60,0.12444,5.01000,,774.03900,1538.67310,2059.94880,19.00000,20.12000,20.15000,32.27110,63.90511,85.54630,37.76313,1520.35740,1520.357402,,,61.49,0.06149,0.73788,,0.06493344,,,721.1029,2240.5224,1594.1902,19.00000,20.12000,20.15000,30.06410,93.05474,66.20410,43.17829,1738.37389,1738.373894,,595.339,1206.7274,926.6358,19.00000,20.12000,20.15000,24.82077,50.11854,38.48167,16.95027,682.42425,682.4242469,,572.8399,1477.0318,2351.0424,19.00000,20.12000,20.15000,0.00000,23.79154,61.33871,38.13812,1535.45474,1535.454736,,818.6455,1436.0854,2946.8005,19.00000,20.12000,20.15000,0.00000,34.00048,59.63827,41.67650,1677.91123,1677.911235
B21,13,C0,P,CO2,0,30,60,0.12444,5.01000,,514.26660,1451.35210,2451.79050,19.00000,20.12000,20.15000,21.44072,60.27844,101.81884,53.21565,2142.48157,2142.481572,,,94.61,0.09461,1.13532,,0.09990816,,,1293.9498,1212.4365,1216.6141,19.00000,20.12000,20.15000,53.94713,50.35565,50.52399,-3.08559,-124.22693,0,,661.8738,1439.4636,1780.0024,19.00000,20.12000,20.15000,27.59473,59.78468,73.92058,34.81711,1401.74962,1401.749623,,1513.0561,2681.0318,2927.9259,19.00000,20.12000,20.15000,0.00000,62.84117,111.33885,77.53771,3121.69676,3121.696763,,1321.9006,2534.048,3649.6333,19.00000,20.12000,20.15000,0.00000,54.90198,105.23486,71.38657,2874.04930,2874.0493
B22,13,C0,P,CO2,0,30,60,0.12444,5.01000,,1707.47990,2889.06440,3634.11840,19.00000,20.12000,20.15000,71.18796,119.99038,150.91898,57.13292,2300.19221,2300.192205,,,90.48,0.09048,1.08576,,0.09554688,,,1799.9624,1182.2635,2169.2358,19.00000,20.12000,20.15000,75.04373,49.10249,90.08481,-4.08390,-164.41929,0,,951.1069,1637.3344,1834.2859,19.00000,20.12000,20.15000,39.65339,68.00277,76.17489,28.70517,1155.68076,1155.680764,,2005.6824,2014.8051,2280.9331,19.00000,20.12000,20.15000,0.00000,83.30122,83.67155,73.52423,2960.11246,2960.112464,,1772.5091,2629.3148,3245.863,19.00000,20.12000,20.15000,0.00000,73.61693,109.19113,81.11102,3265.55934,3265.559336
B23,13,C0,P,CO2,0,30,60,0.12444,5.01000,,878.08210,1895.49040,2601.12820,19.00000,20.12000,20.15000,36.60885,78.72466,108.02059,50.49736,2033.04208,2033.042079,,,82.88,0.08288,0.99456,,0.08752128,,,1077.0117,2109.5556,1346.1407,19.00000,20.12000,20.15000,44.90259,87.61535,55.90302,23.09621,929.86188,929.8618819,,784.2622,1388.9441,2262.9794,19.00000,20.12000,20.15000,32.69733,57.68647,93.97782,38.61787,1554.76975,1554.769745,,1480.9425,1513.4684,1576.6835,19.00000,20.12000,20.15000,0.00000,61.50740,62.85186,54.77860,2205.40637,2205.40637,,1291.5766,2483.8849,3431.0369,19.00000,20.12000,20.15000,0.00000,53.64254,103.15167,69.90043,2814.21710,2814.217103
A1,13,U100,L,N2O,0,30,60,0.12444,5.01000,,0.25320,0.26560,0.22960,19.00000,20.12000,20.15000,0.01056,0.01103,0.00953,-0.00027,-0.01074,0,,,0,0,0,,0,,,0.2736,0.2491,0.2655,19.00000,20.12000,20.15000,0.01141,0.01035,0.01103,-0.00062,-0.02509,0,,0.2769,0.2318,0.2573,19.00000,20.12000,20.15000,0.01154,0.00963,0.01069,-0.00120,-0.04847,0,,0.2694,0.2976,0.3139,19.00000,20.12000,20.15000,0.00000,0.01119,0.01236,0.01039,0.41824,0.418242318,,0.2363,0.2451,0.3213,19.00000,20.12000,20.15000,0.00000,0.00981,0.01018,0.00881,0.35466,0.354658851
A2,13,U100,L,N2O,0,30,60,0.12444,5.01000,,0.23220,0.24520,0.26110,19.00000,20.12000,20.15000,0.00968,0.01018,0.01084,0.00074,0.02998,0.029980972,,,0,0,0,,0,,,0.2808,0.2339,0.244,19.00000,20.12000,20.15000,0.01171,0.00971,0.01013,-0.00156,-0.06293,0,,0.2416,0.2434,0.2943,19.00000,20.12000,20.15000,0.01007,0.01011,0.01222,0.00100,0.04022,0.040223451,,0.2461,0.3053,0.3086,19.00000,20.12000,20.15000,0.00000,0.01022,0.01268,0.01013,0.40766,0.407661408,,0.2731,0.3176,0.3631,19.00000,20.12000,20.15000,0.00000,0.01134,0.01319,0.01083,0.43617,0.436165199
A3,13,U100,L,N2O,0,30,60,0.12444,5.01000,,0.25410,0.28040,0.24180,19.00000,20.12000,20.15000,0.01059,0.01165,0.01004,0.00019,0.00773,0.0077272,,,0,0,0,,0,,,0.2844,0.2774,0.2958,19.00000,20.12000,20.15000,0.01186,0.01152,0.01228,0.00005,0.00215,0.002147938,,0.2332,0.2351,0.311,19.00000,20.12000,20.15000,0.00972,0.00976,0.01292,0.00148,0.05955,0.059552303,,0.276,0.272,0.3754,19.00000,20.12000,20.15000,0.00000,0.01146,0.01130,0.01002,0.40332,0.403316041,,0.2818,0.2547,0.3333,19.00000,20.12000,20.15000,0.00000,0.01170,0.01058,0.00979,0.39418,0.394176466
A6,13,U200,L,N2O,0,30,60,0.12444,5.01000,,0.99470,2.15720,2.98900,19.00000,20.12000,20.15000,0.04147,0.08959,0.12413,0.05819,2.34256,2.342562221,,,0.1,0.0001,0.0012,,0.0001056,,,1.2481,3.0226,5.7766,19.00000,20.12000,20.15000,0.05204,0.12554,0.23989,0.11707,4.71335,4.713349222,,0.6465,3.1561,7.7013,19.00000,20.12000,20.15000,0.02695,0.13108,0.31982,0.17809,7.17002,7.170020014,,1.1819,9.4505,17.2504,19.00000,20.12000,20.15000,0.00000,0.04909,0.39246,0.20041,8.06851,8.068511315,,0.3892,1.6566,2.4183,19.00000,20.12000,20.15000,0.00000,0.01616,0.06880,0.03833,1.54304,1.543044919
A7,13,U200,L,N2O,0,30,60,0.12444,5.01000,,1.16190,3.89720,6.90000,19.00000,20.12000,20.15000,0.04844,0.16186,0.28655,0.15695,6.31892,6.318924077,,,0.28,0.00028,0.00336,,0.00029568,,,0.7043,3.6138,5.2227,19.00000,20.12000,20.15000,0.02936,0.15009,0.21689,0.13689,5.51122,5.511222348,,0.561,3.0124,5.9534,19.00000,20.12000,20.15000,0.02339,0.12511,0.24723,0.14548,5.85706,5.857055805,,1.1566,7.8927,13.2738,19.00000,20.12000,20.15000,0.00000,0.04804,0.32777,0.17035,6.85837,6.858374128,,0.3419,1.8211,1.9706,19.00000,20.12000,20.15000,0.00000,0.01420,0.07563,0.04062,1.63550,1.635500595
A8,13,U200,L,N2O,0,30,60,0.12444,5.01000,,2.09030,7.00830,11.52850,19.00000,20.12000,20.15000,0.08715,0.29107,0.47876,0.26549,10.68871,10.68870794,,,0.46,0.00046,0.00552,,0.00048576,,,0.9214,3.1321,6.1538,19.00000,20.12000,20.15000,0.03841,0.13008,0.25556,0.13816,5.56235,5.562353908,,0.7505,3.5461,5.9421,19.00000,20.12000,20.15000,0.03129,0.14728,0.24677,0.14768,5.94565,5.945653971,,0.8083,4.8824,7.1748,19.00000,20.12000,20.15000,0.00000,0.03357,0.20276,0.10701,4.30820,4.308204305,,0.5503,0.94,2.024,19.00000,20.12000,20.15000,0.00000,0.02286,0.03904,0.02753,1.10851,1.108505367
A11,13,M100,L,N2O,0,30,60,0.12444,5.01000,,0.23660,0.26750,0.25470,19.00000,20.12000,20.15000,0.00986,0.01111,0.01058,0.00085,0.03435,0.034346124,,,0,0,0,,0,,,0.2916,0.2419,0.2652,19.00000,20.12000,20.15000,0.01216,0.01005,0.01101,-0.00142,-0.05701,0,,0.2315,0.2691,0.265,19.00000,20.12000,20.15000,0.00965,0.01118,0.01101,0.00126,0.05090,0.050898743,,0.2687,0.2915,0.2359,19.00000,20.12000,20.15000,0.00000,0.01116,0.01211,0.01026,0.41308,0.413078807,,0.2829,0.2833,0.2933,19.00000,20.12000,20.15000,0.00000,0.01175,0.01176,0.01035,0.41684,0.416842979
A12,13,M100,L,N2O,0,30,60,0.12444,5.01000,,0.25780,0.26490,0.24510,19.00000,20.12000,20.15000,0.01075,0.01100,0.01018,-0.00015,-0.00618,0,,,0,0,0,,0,,,0.2849,0.2771,0.275,19.00000,20.12000,20.15000,0.01188,0.01151,0.01142,-0.00037,-0.01472,0,,0.2664,0.2701,0.2924,19.00000,20.12000,20.15000,0.01111,0.01122,0.01214,0.00052,0.02099,0.020990274,,0.2768,0.2857,0.2448,19.00000,20.12000,20.15000,0.00000,0.01150,0.01186,0.01029,0.41437,0.414366852,,0.2549,0.2808,0.2819,19.00000,20.12000,20.15000,0.00000,0.01059,0.01166,0.00981,0.39513,0.395132495
A13,13,M100,L,N2O,0,30,60,0.12444,5.01000,,0.23370,0.23870,0.23150,19.00000,20.12000,20.15000,0.00974,0.00991,0.00961,0.00001,0.00051,0.000513942,,,0,0,0,,0,,,0.2871,0.275,0.2738,19.00000,20.12000,20.15000,0.01197,0.01142,0.01137,-0.00051,-0.02038,0,,0.2485,0.2368,0.232,19.00000,20.12000,20.15000,0.01036,0.00983,0.00963,-0.00055,-0.02232,0,,0.2363,0.2883,0.2753,19.00000,20.12000,20.15000,0.00000,0.00981,0.01197,0.00963,0.38772,0.387721606,,0.2663,0.252,0.2966,19.00000,20.12000,20.15000,0.00000,0.01106,0.01047,0.00947,0.38115,0.381150918
A16,13,M200,L,N2O,0,30,60,0.12444,5.01000,,0.24050,0.27850,0.27540,19.00000,20.12000,20.15000,0.01003,0.01157,0.01144,0.00130,0.05220,0.052201528,,,0,0,0,,0,,,0.2722,0.2347,0.2769,19.00000,20.12000,20.15000,0.01135,0.00975,0.01150,-0.00061,-0.02447,0,,0.2454,0.241,0.2571,19.00000,20.12000,20.15000,0.01023,0.01001,0.01068,0.00011,0.00444,0.004439049,,0.2795,0.2708,0.3122,19.00000,20.12000,20.15000,0.00000,0.01161,0.01125,0.01006,0.40487,0.404872272,,0.2786,0.2893,0.2682,19.00000,20.12000,20.15000,0.00000,0.01157,0.01201,0.01039,0.41839,0.418394755
A17,13,M200,L,N2O,0,30,60,0.12444,5.01000,,0.28080,0.23630,0.24100,19.00000,20.12000,20.15000,0.01171,0.00981,0.01001,-0.00158,-0.06353,0,,,0,0,0,,0,,,0.2703,0.2187,0.2908,19.00000,20.12000,20.15000,0.01127,0.00908,0.01208,-0.00055,-0.02234,0,,0.2714,0.2844,0.2776,19.00000,20.12000,20.15000,0.01132,0.01181,0.01153,0.00031,0.01238,0.01238337,,0.2676,0.2736,0.3084,19.00000,20.12000,20.15000,0.00000,0.01111,0.01136,0.00990,0.39860,0.398601448,,0.2421,0.2984,0.2515,19.00000,20.12000,20.15000,0.00000,0.01006,0.01239,0.00992,0.39955,0.39955239
A18,13,M200,L,N2O,0,30,60,0.12444,5.01000,,0.23140,0.26920,0.27720,19.00000,20.12000,20.15000,0.00965,0.01118,0.01151,0.00150,0.06045,0.060454424,,,0,0,0,,0,,,0.2652,0.2678,0.2617,19.00000,20.12000,20.15000,0.01106,0.01112,0.01087,-0.00006,-0.00236,0,,0.2567,0.3594,0.6784,19.00000,20.12000,20.15000,0.01070,0.01493,0.02817,0.00978,0.39389,0.393888435,,0.2782,0.3165,0.3053,19.00000,20.12000,20.15000,0.00000,0.01155,0.01314,0.01090,0.43893,0.438929229,,0.2687,0.2638,0.2542,19.00000,20.12000,20.15000,0.00000,0.01116,0.01096,0.00973,0.39188,0.391878846
A21,13,C0,L,N2O,0,30,60,0.12444,5.01000,,0.25740,0.28730,0.29470,19.00000,20.12000,20.15000,0.01073,0.01193,0.01224,0.00120,0.04821,0.048214599,,,0,0,0,,0,,,0.2799,0.2714,0.2995,19.00000,20.12000,20.15000,0.01167,0.01127,0.01244,0.00018,0.00739,0.007388932,,0.2429,0.2742,0.3127,19.00000,20.12000,20.15000,0.01013,0.01139,0.01299,0.00184,0.07416,0.074161042,,0.2371,0.3029,0.3354,19.00000,20.12000,20.15000,0.00000,0.00985,0.01258,0.00992,0.39946,0.399461225,,0.2907,0.3319,0.398,19.00000,20.12000,20.15000,0.00000,0.01207,0.01378,0.01141,0.45955,0.459553493
A22,13,C0,L,N2O,0,30,60,0.12444,5.01000,,0.24070,0.24290,0.26560,19.00000,20.12000,20.15000,0.01004,0.01009,0.01103,0.00048,0.01923,0.019234923,,,0,0,0,,0,,,0.2871,0.2636,0.224,19.00000,20.12000,20.15000,0.01197,0.01095,0.00930,-0.00165,-0.06655,0,,0.2795,0.228,0.2676,19.00000,20.12000,20.15000,0.01165,0.00947,0.01111,-0.00117,-0.04712,0,,0.2319,0.283,0.2773,19.00000,20.12000,20.15000,0.00000,0.00963,0.01175,0.00945,0.38055,0.380554318,,0.2254,0.2484,0.2352,19.00000,20.12000,20.15000,0.00000,0.00936,0.01032,0.00868,0.34948,0.349477738
A23,13,C0,L,N2O,0,30,60,0.12444,5.01000,,0.26330,0.27760,0.28160,19.00000,20.12000,20.15000,0.01098,0.01153,0.01169,0.00056,0.02261,0.022609513,,,0,0,0,,0,,,0.2437,0.2628,0.2792,19.00000,20.12000,20.15000,0.01016,0.01091,0.01159,0.00098,0.03928,0.039279356,,0.2743,0.2926,0.2457,19.00000,20.12000,20.15000,0.01144,0.01215,0.01020,-0.00026,-0.01052,0,,0.279,0.2819,0.2884,19.00000,20.12000,20.15000,0.00000,0.01159,0.01171,0.01026,0.41301,0.413014043,,0.2803,0.2821,0.2923,19.00000,20.12000,20.15000,0.00000,0.01164,0.01172,0.01029,0.41409,0.414086264
B1,13,U100,P,N2O,0,30,60,0.12444,5.01000,,0.24240,0.23800,0.24770,19.00000,20.12000,20.15000,0.01011,0.00988,0.01029,-0.00001,-0.00044,0,,,0,0,0,,0,,,0.2516,0.293,0.2726,19.00000,20.12000,20.15000,0.01049,0.01217,0.01132,0.00109,0.04390,0.043903691,,0.2781,0.2335,0.2898,19.00000,20.12000,20.15000,0.01159,0.00970,0.01203,-0.00060,-0.02417,0,,0.2378,0.1547,0.3076,19.00000,20.12000,20.15000,0.00000,0.00988,0.00642,0.00712,0.28653,0.286532535,,0.2511,0.2854,0.2917,19.00000,20.12000,20.15000,0.00000,0.01043,0.01185,0.00984,0.39597,0.395966313
B2,13,U100,P,N2O,0,30,60,0.12444,5.01000,,0.26110,0.22410,0.27810,19.00000,20.12000,20.15000,0.01089,0.00931,0.01155,-0.00036,-0.01464,0,,,0,0,0,,0,,,0.2336,0.2723,0.2596,19.00000,20.12000,20.15000,0.00974,0.01131,0.01078,0.00114,0.04592,0.045924407,,0.2375,0.2305,0.2455,19.00000,20.12000,20.15000,0.00990,0.00957,0.01020,0.00000,-0.00019,0,,0.2757,0.2835,0.2633,19.00000,20.12000,20.15000,0.00000,0.01145,0.01177,0.01023,0.41191,0.411905357,,0.23,0.2829,0.2816,19.00000,20.12000,20.15000,0.00000,0.00955,0.01175,0.00942,0.37913,0.379134407
B3,13,U100,P,N2O,0,30,60,0.12444,5.01000,,0.28040,0.25060,0.27660,19.00000,20.12000,20.15000,0.01169,0.01041,0.01149,-0.00064,-0.02558,0,,,0,0,0,,0,,,0.2703,0.2304,0.2439,19.00000,20.12000,20.15000,0.01127,0.00957,0.01013,-0.00124,-0.04996,0,,0.2432,0.24,0.2598,19.00000,20.12000,20.15000,0.01014,0.00997,0.01079,0.00022,0.00905,0.009050262,,0.268,0.2802,0.3002,19.00000,20.12000,20.15000,0.00000,0.01113,0.01164,0.01003,0.40394,0.403935519,,0.2763,0.2452,0.2982,19.00000,20.12000,20.15000,0.00000,0.01148,0.01018,0.00951,0.38302,0.383017
B6,13,U200,P,N2O,0,30,60,0.12444,5.01000,,0.28540,0.23820,0.28740,19.00000,20.12000,20.15000,0.01190,0.00989,0.01194,-0.00083,-0.03348,0,,,-0.01,-0.00001,-0.00012,,-0.00001056,,,0.2373,0.2907,0.2975,19.00000,20.12000,20.15000,0.00989,0.01207,0.01235,0.00205,0.08247,0.082471405,,0.2376,0.2542,0.2956,19.00000,20.12000,20.15000,0.00991,0.01056,0.01228,0.00136,0.05477,0.054766852,,0.2673,0.2832,0.2682,19.00000,20.12000,20.15000,0.00000,0.01110,0.01176,0.01008,0.40574,0.405736615,,0.2358,0.2935,0.3031,19.00000,20.12000,20.15000,0.00000,0.00979,0.01219,0.00972,0.39135,0.391347862
B7,13,U200,P,N2O,0,30,60,0.12444,5.01000,,0.27520,0.25550,5.12500,19.00000,20.12000,20.15000,0.01147,0.01061,0.21283,0.09181,3.69625,3.696249731,,,0.24,0.00024,0.00288,,0.00025344,,,0.2401,0.2515,0.2682,19.00000,20.12000,20.15000,0.01001,0.01045,0.01114,0.00070,0.02819,0.028192221,,0.279,0.2752,0.2542,19.00000,20.12000,20.15000,0.01163,0.01143,0.01056,-0.00058,-0.02326,0,,0.2648,0.4988,0.336,19.00000,20.12000,20.15000,0.00000,0.01100,0.02071,0.01413,0.56898,0.568976652,,0.2287,0.2622,0.2761,19.00000,20.12000,20.15000,0.00000,0.00950,0.01089,0.00900,0.36237,0.362372685
B8,13,U200,P,N2O,0,30,60,0.12444,5.01000,,0.25390,0.24160,0.27780,19.00000,20.12000,20.15000,0.01059,0.01003,0.01154,0.00020,0.00814,0.00814195,,,0,0,0,,0,,,0.2531,0.2763,0.3406,19.00000,20.12000,20.15000,0.01055,0.01148,0.01414,0.00203,0.08192,0.081922184,,0.2476,0.252,0.2378,19.00000,20.12000,20.15000,0.01032,0.01047,0.00988,-0.00014,-0.00581,0,,0.2743,0.2469,0.3495,19.00000,20.12000,20.15000,0.00000,0.01139,0.01025,0.00951,0.38290,0.382903999,,0.2294,0.3031,0.2573,19.00000,20.12000,20.15000,0.00000,0.00953,0.01259,0.00979,0.39417,0.394170082
B11,13,M100,P,N2O,0,30,60,0.12444,5.01000,,0.24950,0.28440,0.26870,19.00000,20.12000,20.15000,0.01040,0.01181,0.01116,0.00094,0.03794,0.037942332,,,0,0,0,,0,,,0.2449,0.2642,0.2778,19.00000,20.12000,20.15000,0.01021,0.01097,0.01154,0.00093,0.03742,0.037424008,,0.3424,0.6162,0.2356,19.00000,20.12000,20.15000,0.01428,0.02559,0.00978,0.00273,0.10989,0.109889555,,0.2246,0.3507,0.3184,19.00000,20.12000,20.15000,0.00000,0.00933,0.01456,0.01061,0.42721,0.427206546,,0.2737,0.2856,0.304,19.00000,20.12000,20.15000,0.00000,0.01137,0.01186,0.01024,0.41210,0.412098493
B12,13,M100,P,N2O,0,30,60,0.12444,5.01000,,0.27580,0.24010,0.24380,19.00000,20.12000,20.15000,0.01150,0.00997,0.01012,-0.00127,-0.05131,0,,,0,0,0,,0,,,0.2392,0.3124,0.283,19.00000,20.12000,20.15000,0.00997,0.01297,0.01175,0.00208,0.08391,0.083908329,,0.4664,1.0874,0.987,19.00000,20.12000,20.15000,0.01945,0.04516,0.04099,0.02074,0.83484,0.834839582,,0.2327,0.2945,0.3214,19.00000,20.12000,20.15000,0.00000,0.00966,0.01223,0.00968,0.38992,0.389921378,,0.29,0.3046,0.4369,19.00000,20.12000,20.15000,0.00000,0.01204,0.01265,0.01088,0.43816,0.438164741
B13,13,M100,P,N2O,0,30,60,0.12444,5.01000,,0.28570,0.23690,0.29230,19.00000,20.12000,20.15000,0.01191,0.00984,0.01214,-0.00077,-0.03109,0,,,-0.01,-0.00001,-0.00012,,-0.00001056,,,0.2528,0.2286,0.2704,19.00000,20.12000,20.15000,0.01054,0.00949,0.01123,-0.00013,-0.00509,0,,0.3404,0.5316,0.7492,19.00000,20.12000,20.15000,0.01419,0.02208,0.03111,0.01108,0.44611,0.446109571,,0.2506,0.1786,0.7015,19.00000,20.12000,20.15000,0.00000,0.01041,0.00742,0.00780,0.31387,0.313874315,,0.2005,0.3205,0.4056,19.00000,20.12000,20.15000,0.00000,0.00833,0.01331,0.00961,0.38705,0.387053559
B16,13,M200,P,N2O,0,30,60,0.12444,5.01000,,0.25060,0.22670,0.28950,19.00000,20.12000,20.15000,0.01045,0.00942,0.01202,0.00028,0.01144,0.011439292,,,0,0,0,,0,,,0.2829,0.2413,0.2734,19.00000,20.12000,20.15000,0.01179,0.01002,0.01135,-0.00095,-0.03830,0,,0.3664,0.6606,1.1494,19.00000,20.12000,20.15000,0.01528,0.02744,0.04773,0.02000,0.80518,0.805176733,,0.2797,0.2819,0.4237,19.00000,20.12000,20.15000,0.00000,0.01162,0.01171,0.01027,0.41351,0.413508972,,0.2317,0.268,0.2629,19.00000,20.12000,20.15000,0.00000,0.00962,0.01113,0.00916,0.36893,0.368932787
B17,13,M200,P,N2O,0,30,60,0.12444,5.01000,,0.28360,0.24260,0.28790,19.00000,20.12000,20.15000,0.01182,0.01008,0.01196,-0.00068,-0.02732,0,,,0,0,0,,0,,,0.2726,0.2938,0.254,19.00000,20.12000,20.15000,0.01137,0.01220,0.01055,-0.00002,-0.00081,0,,0.421,0.9699,1.691,19.00000,20.12000,20.15000,0.01755,0.04028,0.07022,0.03372,1.35767,1.357668762,,0.2832,0.3776,0.5129,19.00000,20.12000,20.15000,0.00000,0.01176,0.01568,0.01215,0.48923,0.489226799,,0.2788,0.2613,0.2779,19.00000,20.12000,20.15000,0.00000,0.01158,0.01085,0.00986,0.39711,0.397106599
B18,13,M200,P,N2O,0,30,60,0.12444,5.01000,,0.27640,0.28050,0.24620,19.00000,20.12000,20.15000,0.01152,0.01165,0.01022,-0.00054,-0.02180,0,,,0,0,0,,0,,,0.2779,0.2651,0.2928,19.00000,20.12000,20.15000,0.01159,0.01101,0.01216,0.00002,0.00076,0.000763,,0.4782,1.7512,1.1674,19.00000,20.12000,20.15000,0.01994,0.07273,0.04848,0.03539,1.42480,1.424798949,,0.2448,0.3839,0.4752,19.00000,20.12000,20.15000,0.00000,0.01017,0.01594,0.01160,0.46690,0.466898101,,0.2666,0.2649,0.36,19.00000,20.12000,20.15000,0.00000,0.01107,0.01100,0.00972,0.39124,0.391235937
B21,13,C0,P,N2O,0,30,60,0.12444,5.01000,,0.23910,0.25150,0.28120,19.00000,20.12000,20.15000,0.00997,0.01045,0.01168,0.00098,0.03962,0.039619767,,,0,0,0,,0,,,0.2826,0.3406,0.2756,19.00000,20.12000,20.15000,0.01178,0.01415,0.01145,0.00085,0.03403,0.034033578,,0.2661,0.2931,0.2644,19.00000,20.12000,20.15000,0.01109,0.01217,0.01098,0.00040,0.01627,0.01626607,,0.3285,0.2654,0.2682,19.00000,20.12000,20.15000,0.00000,0.01364,0.01102,0.01081,0.43538,0.435384406,,0.3305,0.3512,0.346,19.00000,20.12000,20.15000,0.00000,0.01373,0.01458,0.01248,0.50246,0.502464791
B22,13,C0,P,N2O,0,30,60,0.12444,5.01000,,0.25630,0.27610,0.28730,19.00000,20.12000,20.15000,0.01069,0.01147,0.01193,0.00090,0.03626,0.036258135,,,0,0,0,,0,,,0.283,0.2586,0.2288,19.00000,20.12000,20.15000,0.01180,0.01074,0.00950,-0.00150,-0.06035,0,,0.2761,0.2861,0.245,19.00000,20.12000,20.15000,0.01151,0.01188,0.01017,-0.00045,-0.01831,0,,0.2646,0.2459,0.2338,19.00000,20.12000,20.15000,0.00000,0.01099,0.01021,0.00932,0.37528,0.375280366,,0.2572,0.2914,0.2869,19.00000,20.12000,20.15000,0.00000,0.01068,0.01210,0.01006,0.40487,0.404871308
B23,13,C0,P,N2O,0,30,60,0.12444,5.01000,,0.25340,0.27520,0.29220,19.00000,20.12000,20.15000,0.01056,0.01143,0.01213,0.00108,0.04366,0.043658477,,,0,0,0,,0,,,0.2399,0.3332,0.2687,19.00000,20.12000,20.15000,0.01000,0.01384,0.01116,0.00215,0.08664,0.086635711,,0.2379,0.2602,0.3085,19.00000,20.12000,20.15000,0.00992,0.01081,0.01281,0.00170,0.06844,0.068438568,,0.2846,0.2483,0.2452,19.00000,20.12000,20.15000,0.00000,0.01182,0.01031,0.00972,0.39126,0.391257993,,0.27,0.2872,0.2956,19.00000,20.12000,20.15000,0.00000,0.01121,0.01193,0.01020,0.41071,0.41070699
